"";"altogether";"nameraw";"House";"Sex"
"1";"Astrix Alixan";"Astrix_Alixan";"Gryffindor";"Male"
"2";"Filemina Alchin";"Filemina_Alchin";"Gryffindor";"Female"
"3";"Euan Abercrombie";"Euan_Abercrombie";"Gryffindor";"Male"
"4";"Sakura Akagi";"Sakura_Akagi";"Gryffindor";"Female"
"5";"Zakir Akram";"Zakir_Akram";"Gryffindor";"Male"
"6";"Nick Alas";"Nick_Alas";"Gryffindor";"Male"
"7";"Christian Alexander";"Christian_Alexander";"Gryffindor";"Male"
"8";"Brandon Angel";"Brandon_Angel";"Gryffindor";"Male"
"9";"Jada Angela";"Jada_Angela";"Gryffindor";"Female"
"10";"Owen Anthony";"Owen_Anthony";"Gryffindor";"Male"
"11";"Angelina Appleby";"Angelina_Appleby";"Gryffindor";"Female"
"12";"Oona Ballington";"Oona_Ballington";"Gryffindor";"Female"
"13";"Pete Balsall";"Pete_Balsall";"Gryffindor";"Male"
"14";"Allison Barnes";"Allison_Barnes";"Gryffindor";"Female"
"15";"Concepta Battista";"Concepta_Battista";"Gryffindor";"Female"
"16";"Katie Bell's friend";"Katie_Bell%27s_friend";"Gryffindor";"Female"
"17";"Katie Bell";"Katie_Bell";"Gryffindor";"Female"
"18";"Fiona Belmont";"Fiona_Belmont";"Gryffindor";"Female"
"19";"Bem";"Bem";"Gryffindor";"Male"
"20";"Kajol Bhatt";"Kajol_Bhatt";"Gryffindor";"Female"
"21";"Betty Bickering";"Betty_Bickering";"Gryffindor";"Female"
"22";"Hugh Biggs";"Hugh_Biggs";"Gryffindor";"Male"
"23";"Sally Birchgrove";"Sally_Birchgrove";"Gryffindor";"Female"
"24";"Sirius Black";"Sirius_Black";"Gryffindor";"Male"
"25";"Mike Boon";"Mike_Boon";"Gryffindor";"Male"
"26";"Derek (Wizard Card Collectors' Club)";"Derek_(Wizard_Card_Collectors%27_Club)";"Gryffindor";"Male"
"27";"Unidentified Gryffindor boy";"Unidentified_Gryffindor_boy";"Gryffindor";"NA"
"28";"Boy 2";"Boy_2";"Gryffindor";"NA"
"29";"Unidentified Gryffindor boy's friend";"Unidentified_Gryffindor_boy%27s_friend";"Gryffindor";"NA"
"30";"Justine Britnell";"Justine_Britnell";"Gryffindor";"Female"
"31";"Lavender Brown";"Lavender_Brown";"Gryffindor";"Female"
"32";"Cadogan";"Cadogan";"Gryffindor";"Male"
"33";"Richard Carter";"Richard_Carter";"Gryffindor";"Male"
"34";"Stephen Challock";"Stephen_Challock";"Gryffindor";"Male"
"35";"Polly Chapman";"Polly_Chapman";"Gryffindor";"Female"
"36";"Jason Charmer";"Jason_Charmer";"Gryffindor";"Male"
"37";"Liza Cherks";"Liza_Cherks";"Gryffindor";"Female"
"38";"Nina Chibbar";"Nina_Chibbar";"Gryffindor";"Female"
"39";"Brian Cinderford";"Brian_Cinderford";"Gryffindor";"Male"
"40";"Iain Claverdon";"Iain_Claverdon";"Gryffindor";"Male"
"41";"Andrew Cleveley";"Andrew_Cleveley";"Gryffindor";"Male"
"42";"Rachael Codnor";"Rachael_Codnor";"Gryffindor";"Female"
"43";"Lydia Cooden";"Lydia_Cooden";"Gryffindor";"Female"
"44";"Ritchie Coote";"Ritchie_Coote";"Gryffindor";"Male"
"45";"Muldoon Cragg";"Muldoon_Cragg";"Gryffindor";"Male"
"46";"Colin Creevey";"Colin_Creevey";"Gryffindor";"Male"
"47";"Dennis Creevey";"Dennis_Creevey";"Gryffindor";"Male"
"48";"Winky Crockett (Gryffindor)";"Winky_Crockett_(Gryffindor)";"Gryffindor";"NA"
"49";"Lisa Cullen";"Lisa_Cullen";"Gryffindor";"Female"
"50";"Haley Dakota";"Haley_Dakota";"Gryffindor";"Female"
"51";"Dan";"Dan";"Gryffindor";"Male"
"52";"Jennifer Dawn";"Jennifer_Dawn";"Gryffindor";"Female"
"53";"Alison Denshaw";"Alison_Denshaw";"Gryffindor";"Female"
"54";"Mary Doyle";"Mary_Doyle";"Gryffindor";"Female"
"55";"Albus Dumbledore";"Albus_Dumbledore";"Gryffindor";"Male"
"56";"Fay Dunbar";"Fay_Dunbar";"Gryffindor";"Female"
"57";"Fay Dunbar's friend";"Fay_Dunbar%27s_friend";"Gryffindor";"Female"
"58";"Edward";"Edward";"Gryffindor";"Male"
"59";"Emily (Gryffindor)";"Emily_(Gryffindor)";"Gryffindor";"Female"
"60";"Entrance Hall Gryffindor prefect";"Entrance_Hall_Gryffindor_prefect";"Gryffindor";"Male"
"61";"Tracie Everson";"Tracie_Everson";"Gryffindor";"Female"
"62";"Rosalyn Ewhurst";"Rosalyn_Ewhurst";"Gryffindor";"Female"
"63";"Natalie Fairbourne";"Natalie_Fairbourne";"Gryffindor";"Female"
"64";"Fat Lady";"Fat_Lady";"Gryffindor";"Female"
"65";"Seamus Finnigan";"Seamus_Finnigan";"Gryffindor";"Male"
"66";"Terrence Fogarty";"Terrence_Fogarty";"Gryffindor";"Male"
"67";"Louise Fontwell";"Louise_Fontwell";"Gryffindor";"Female"
"68";"Sam Fraddon";"Sam_Fraddon";"Gryffindor";"Male"
"69";"Hamish Frater";"Hamish_Frater";"Gryffindor";"Male"
"70";"Riley Frazer";"Riley_Frazer";"Gryffindor";"NA"
"71";"Yann Fredericks";"Yann_Fredericks";"Gryffindor";"Male"
"72";"Vicky Frobisher";"Vicky_Frobisher";"Gryffindor";"Female"
"73";"User:GamerAlexander";"User:GamerAlexander";"Gryffindor";"NA"
"74";"Chris Garland";"Chris_Garland";"Gryffindor";"Male"
"75";"Ethan Gerard";"Ethan_Gerard";"Gryffindor";"Male"
"76";"Girl who tested Fainting Fancies";"Girl_who_tested_Fainting_Fancies";"Gryffindor";"Female"
"77";"Stephen Gould";"Stephen_Gould";"Gryffindor";"Male"
"78";"Hermione Granger";"Hermione_Granger";"Gryffindor";"Female"
"79";"Gryffindor boy who fetched Harry Potter";"Gryffindor_boy_who_fetched_Harry_Potter";"Gryffindor";"Male"
"80";"Gryffindor fighter";"Gryffindor_fighter";"Gryffindor";"Male"
"81";"Unidentified Gryffindor girl (IX)";"Unidentified_Gryffindor_girl_(IX)";"Gryffindor";"Female"
"82";"Unidentified Gryffindor girl (V)";"Unidentified_Gryffindor_girl_(V)";"Gryffindor";"Female"
"83";"Curious Gryffindor Girl";"Curious_Gryffindor_Girl";"Gryffindor";"Female"
"84";"Gryffindor Wizard's Chess champion";"Gryffindor_Wizard%27s_Chess_champion";"Gryffindor";"Male"
"85";"Godric Gryffindor";"Godric_Gryffindor";"Gryffindor";"Male"
"86";"Rubeus Hagrid";"Rubeus_Hagrid";"Gryffindor";"Male"
"87";"David Hamblin";"David_Hamblin";"Gryffindor";"Male"
"88";"Curt Hanger";"Curt_Hanger";"Gryffindor";"Male"
"89";"Kelly Harborne";"Kelly_Harborne";"Gryffindor";"Female"
"90";"User:HarryExpelliarmusPotter";"User:HarryExpelliarmusPotter";"Gryffindor";"Male"
"91";"Ryan Henry";"Ryan_Henry";"Gryffindor";"Male"
"92";"Natalie Holkham";"Natalie_Holkham";"Gryffindor";"Female"
"93";"Thelma Holmes";"Thelma_Holmes";"Gryffindor";"Female"
"94";"Geoffrey Hooper";"Geoffrey_Hooper";"Gryffindor";"Male"
"95";"Carl Hopkins";"Carl_Hopkins";"Gryffindor";"Male"
"96";"Lucy Hurst";"Lucy_Hurst";"Gryffindor";"Female"
"97";"Satoru Iida";"Satoru_Iida";"Gryffindor";"Male"
"98";"Erica J.";"Erica_J.";"Gryffindor";"Female"
"99";"Peter James";"Peter_James";"Gryffindor";"Male"
"100";"Ella Jo";"Ella_Jo";"Gryffindor";"Female"
"101";"Nandini Johar";"Nandini_Johar";"Gryffindor";"Female"
"102";"Angelina Johnson";"Angelina_Johnson";"Gryffindor";"Female"
"103";"Peter Jones";"Peter_Jones";"Gryffindor";"Male"
"104";"Lee Jordan";"Lee_Jordan";"Gryffindor";"Male"
"105";"Timothy Justin";"Timothy_Justin";"Gryffindor";"Male"
"106";"Anjali Kapoor";"Anjali_Kapoor";"Gryffindor";"Female"
"107";"Michael Karume";"Michael_Karume";"Gryffindor";"Male"
"108";"Kellah";"Kellah";"Gryffindor";"Female"
"109";"Sage Kelleen";"Sage_Kelleen";"Gryffindor";"NA"
"110";"Kenneth Towler";"Kenneth_Towler";"Gryffindor";"NA"
"111";"Jo King (Gryffindor)";"Jo_King_(Gryffindor)";"Gryffindor";"Female"
"112";"R. J. H. King";"R._J._H._King";"Gryffindor";"NA"
"113";"Andrew Kirke";"Andrew_Kirke";"Gryffindor";"Male"
"114";"Toby Lennox (Gryffindor)";"Toby_Lennox_(Gryffindor)";"Gryffindor";"Male"
"115";"User:Leobrazil";"User:Leobrazil";"Gryffindor";"Male"
"116";"Neville Longbottom";"Neville_Longbottom";"Gryffindor";"Male"
"117";"Aamir Loonat";"Aamir_Loonat";"Gryffindor";"Male"
"118";"User:Lord Voldemort killed the vampire James";"User:Lord_Voldemort_killed_the_vampire_James";"Gryffindor";"Male"
"119";"Remus Lupin";"Remus_Lupin";"Gryffindor";"Male"
"120";"Trinity Lynn";"Trinity_Lynn";"Gryffindor";"Female"
"121";"Mary Macdonald";"Mary_Macdonald";"Gryffindor";"Female"
"122";"Anita Macduff";"Anita_Macduff";"Gryffindor";"Female"
"123";"Hisana Malachela";"Hisana_Malachela";"Gryffindor";"Female"
"124";"Daphne Maldon";"Daphne_Maldon";"Gryffindor";"Female"
"125";"Unidentified Gryffindor seeker";"Unidentified_Gryffindor_seeker";"Gryffindor";"Male"
"126";"Trev Mallory";"Trev_Mallory";"Gryffindor";"Male"
"127";"Marauders";"Marauders";"Gryffindor";"Male"
"128";"Alexis Marie";"Alexis_Marie";"Gryffindor";"Female"
"129";"Gianna Marie";"Gianna_Marie";"Gryffindor";"Female"
"130";"Kenny Markham";"Kenny_Markham";"Gryffindor";"Male"
"131";"Angus Matlock";"Angus_Matlock";"Gryffindor";"Male"
"132";"Paul Mawdesley";"Paul_Mawdesley";"Gryffindor";"Male"
"133";"Natalie McDonald";"Natalie_McDonald";"Gryffindor";"Female"
"134";"Joe McGee";"Joe_McGee";"Gryffindor";"Male"
"135";"M. G. McGonagall";"M._G._McGonagall";"Gryffindor";"NA"
"136";"Minerva McGonagall";"Minerva_McGonagall";"Gryffindor";"NA"
"137";"Cormac McLaggen";"Cormac_McLaggen";"Gryffindor";"NA"
"138";"Robin McTighe";"Robin_McTighe";"Gryffindor";"NA"
"139";"Michael";"Michael";"Gryffindor";"NA"
"140";"Eloise Midgen";"Eloise_Midgen";"Gryffindor";"Female"
"141";"Nicholas de Mimsy-Porpington";"Nicholas_de_Mimsy-Porpington";"Gryffindor";"NA"
"142";"Miraphora Mina (Hogwarts student)";"Miraphora_Mina_(Hogwarts_student)";"Gryffindor";"Female"
"143";"Ruth Mina";"Ruth_Mina";"Gryffindor";"Female"
"144";"Anna Mirfield";"Anna_Mirfield";"Gryffindor";"Female"
"145";"Raza Mohammad";"Raza_Mohammad";"Gryffindor";"NA"
"146";"Tatsuya Motoyama";"Tatsuya_Motoyama";"Gryffindor";"NA"
"147";"Kieran Muirhead";"Kieran_Muirhead";"Gryffindor";"NA"
"148";"Roderick Murphy";"Roderick_Murphy";"Gryffindor";"NA"
"149";"Edith Newton";"Edith_Newton";"Gryffindor";"Female"
"150";"Abigail Nicola";"Abigail_Nicola";"Gryffindor";"Female"
"151";"Amber Noel";"Amber_Noel";"Gryffindor";"Female"
"152";"Phelan Noel";"Phelan_Noel";"Gryffindor";"NA"
"153";"David Nolton";"David_Nolton";"Gryffindor";"NA"
"154";"Mallory Norden";"Mallory_Norden";"Gryffindor";"Female"
"155";"Neil Nuts";"Neil_Nuts";"Gryffindor";"NA"
"156";"Aiden O'Connor";"Aiden_O%27Connor";"Gryffindor";"NA"
"157";"Shelagh O'Dowd";"Shelagh_O%27Dowd";"Gryffindor";"Female"
"158";"Rionach O'Neal";"Rionach_O%27Neal";"Gryffindor";"Female"
"159";"Uric Oapley";"Uric_Oapley";"Gryffindor";"NA"
"160";"Sean Ogbourne";"Sean_Ogbourne";"Gryffindor";"NA"
"161";"Remy Olivier";"Remy_Olivier";"Gryffindor";"NA"
"162";"Kate Olney";"Kate_Olney";"Gryffindor";"Female"
"163";"Steven Osterley";"Steven_Osterley";"Gryffindor";"NA"
"164";"User:OverlordQ/Sandbox";"User:OverlordQ/Sandbox";"Gryffindor";"NA"
"165";"Andrew Owly";"Andrew_Owly";"Gryffindor";"NA"
"166";"Thomas Paley";"Thomas_Paley";"Gryffindor";"NA"
"167";"Julie Parkes";"Julie_Parkes";"Gryffindor";"Female"
"168";"Parvati Patil";"Parvati_Patil";"Gryffindor";"Female"
"169";"Jimmy Peakes";"Jimmy_Peakes";"Gryffindor";"NA"
"170";"Peter Pettigrew";"Peter_Pettigrew";"Gryffindor";"NA"
"171";"Adam Pickering";"Adam_Pickering";"Gryffindor";"NA"
"172";"Podric Piles";"Podric_Piles";"Gryffindor";"NA"
"173";"Wayne Portchester";"Wayne_Portchester";"Gryffindor";"NA"
"174";"Fleamont Potter";"Fleamont_Potter";"Gryffindor";"NA"
"175";"Harry Potter";"Harry_Potter";"Gryffindor";"NA"
"176";"James Potter I";"James_Potter_I";"Gryffindor";"NA"
"177";"James Potter II";"James_Potter_II";"Gryffindor";"NA"
"178";"Lily J. Potter";"Lily_J._Potter";"Gryffindor";"Female"
"179";"Lily L. Potter";"Lily_L._Potter";"Gryffindor";"Female"
"180";"Sophia Prickett";"Sophia_Prickett";"Gryffindor";"Female"
"181";"Genevieve Ramsey";"Genevieve_Ramsey";"Gryffindor";"Female"
"182";"Neil Randall";"Neil_Randall";"Gryffindor";"NA"
"183";"Demelza Robins";"Demelza_Robins";"Gryffindor";"Female"
"184";"Barry Rochester";"Barry_Rochester";"Gryffindor";"NA"
"185";"Ashley Sanders";"Ashley_Sanders";"Gryffindor";"Female"
"186";"Selina Sapworthy";"Selina_Sapworthy";"Gryffindor";"Female"
"187";"Andrew Saxby";"Andrew_Saxby";"Gryffindor";"NA"
"188";"Roderick Seaton";"Roderick_Seaton";"Gryffindor";"NA"
"189";"Seventh Floor Gryffindor Prefect";"Seventh_Floor_Gryffindor_Prefect";"Gryffindor";"NA"
"190";"Jackson Sheppard";"Jackson_Sheppard";"Gryffindor";"NA"
"191";"Kaori Shimizu";"Kaori_Shimizu";"Gryffindor";"Female"
"192";"Chie Shinohara";"Chie_Shinohara";"Gryffindor";"Female"
"193";"Terry Skeres";"Terry_Skeres";"Gryffindor";"NA"
"194";"Richard Sky";"Richard_Sky";"Gryffindor";"NA"
"195";"Jack Sloper";"Jack_Sloper";"Gryffindor";"NA"
"196";"Andrew Snowy Owl (Gryffindor)";"Andrew_Snowy_Owl_(Gryffindor)";"Gryffindor";"NA"
"197";"Alicia Spinnet";"Alicia_Spinnet";"Gryffindor";"Female"
"198";"Charlie Stainforth";"Charlie_Stainforth";"Gryffindor";"NA"
"199";"Melanie Stanmore";"Melanie_Stanmore";"Gryffindor";"Female"
"200";"Zoe Accrington";"Zoe_Accrington";"Slytherin";"Female"
"201";"Uchi Akimbo";"Uchi_Akimbo";"Slytherin";"Male"
"202";"Avery (Marauder-era)";"Avery_(Marauder-era)";"Slytherin";"Male"
"203";"Avery (Riddle-era)";"Avery_(Riddle-era)";"Slytherin";"Male"
"204";"Malcolm Baddock";"Malcolm_Baddock";"Slytherin";"Male"
"205";"Tabitha Bainbridge";"Tabitha_Bainbridge";"Slytherin";"Female"
"206";"Sadie Baldock";"Sadie_Baldock";"Slytherin";"Female"
"207";"Tristram Bassenthwaite";"Tristram_Bassenthwaite";"Slytherin";"Male"
"208";"Darius Berrow";"Darius_Berrow";"Slytherin";"Male"
"209";"Bespectacled Slytherin girl";"Bespectacled_Slytherin_girl";"Slytherin";"Female"
"210";"Yatin Bhagat";"Yatin_Bhagat";"Slytherin";"Male"
"211";"Kinjal Bhatia";"Kinjal_Bhatia";"Slytherin";"Female"
"212";"Vicky Bishopper";"Vicky_Bishopper";"Slytherin";"Female"
"213";"Alphard Black";"Alphard_Black";"Slytherin";"Male"
"214";"Callidora Black";"Callidora_Black";"Slytherin";"Female"
"215";"Cassiopeia Black";"Cassiopeia_Black";"Slytherin";"Female"
"216";"Cedrella Black";"Cedrella_Black";"Slytherin";"Female"
"217";"Charis Black";"Charis_Black";"Slytherin";"Female"
"218";"Cygnus Black III";"Cygnus_Black_III";"Slytherin";"Male"
"219";"Dorea Black";"Dorea_Black";"Slytherin";"Female"
"220";"Lucretia Black";"Lucretia_Black";"Slytherin";"Female"
"221";"Orion Black";"Orion_Black";"Slytherin";"Male"
"222";"Phineas Nigellus Black";"Phineas_Nigellus_Black";"Slytherin";"Male"
"223";"Regulus Black";"Regulus_Black";"Slytherin";"Male"
"224";"Walburga Black";"Walburga_Black";"Slytherin";"Female"
"225";"Kevin Bletchley";"Kevin_Bletchley";"Slytherin";"Male"
"226";"Miles Bletchley";"Miles_Bletchley";"Slytherin";"Male"
"227";"Bloody Baron";"Bloody_Baron";"Slytherin";"Male"
"228";"Lucian Bole";"Lucian_Bole";"Slytherin";"Male"
"229";"Craig Bowker Jr";"Craig_Bowker_Jr";"Slytherin";"Male"
"230";"Unidentified boy who attended Charm School";"Unidentified_boy_who_attended_Charm_School";"Slytherin";"Male"
"231";"Boy who failed Avifors Spell's cousin";"Boy_who_failed_Avifors_Spell%27s_cousin";"Slytherin";"Female"
"232";"Boy who owned a magic hamster";"Boy_who_owned_a_magic_hamster";"Slytherin";"Male"
"233";"Cameron Boyle";"Cameron_Boyle";"Slytherin";"Male"
"234";"Bridget";"Bridget";"Slytherin";"Female"
"235";"Nerissa Brody";"Nerissa_Brody";"Slytherin";"Female"
"236";"Millicent Bulstrode";"Millicent_Bulstrode";"Slytherin";"Female"
"237";"Elizabeth Burke";"Elizabeth_Burke";"Slytherin";"Female"
"238";"Flora Carrow";"Flora_Carrow";"Slytherin";"Female"
"239";"Hestia Carrow";"Hestia_Carrow";"Slytherin";"Female"
"240";"Diane Carter";"Diane_Carter";"Slytherin";"Female"
"241";"Fergus Cowley";"Fergus_Cowley";"Slytherin";"Male"
"242";"Vincent Crabbe";"Vincent_Crabbe";"Slytherin";"Male"
"243";"Stuart Craggy";"Stuart_Craggy";"Slytherin";"Male"
"244";"Irving Cram (II)";"Irving_Cram_(II)";"Slytherin";"Male"
"245";"Winky Crockett (Slytherin)";"Winky_Crockett_(Slytherin)";"Slytherin";"NA"
"246";"Silas Crump";"Silas_Crump";"Slytherin";"Male"
"247";"Sebastian Daley";"Sebastian_Daley";"Slytherin";"Male"
"248";"Dan Darker";"Dan_Darker";"Slytherin";"Male"
"249";"Tracey Davis";"Tracey_Davis";"Slytherin";"Female"
"250";"Simon Dedworth (II)";"Simon_Dedworth_(II)";"Slytherin";"Male"
"251";"Peregrine Derrick";"Peregrine_Derrick";"Slytherin";"Male"
"252";"Draco Malfoy's gang";"Draco_Malfoy%27s_gang";"Slytherin";"NA"
"253";"Slytherin Duelling Club Captain";"Slytherin_Duelling_Club_Captain";"Slytherin";"NA"
"254";"Bowen Duffield";"Bowen_Duffield";"Slytherin";"Male"
"255";"Dungeon Corridor Slytherin prefect (I)";"Dungeon_Corridor_Slytherin_prefect_(I)";"Slytherin";"NA"
"256";"Dungeon Corridor Slytherin prefect (II)";"Dungeon_Corridor_Slytherin_prefect_(II)";"Slytherin";"NA"
"257";"Curtis Evercreech";"Curtis_Evercreech";"Slytherin";"Male"
"258";"Gemma Farley";"Gemma_Farley";"Slytherin";"Female"
"259";"Sixth-Year Inquisitorial Squad Member";"Sixth-Year_Inquisitorial_Squad_Member";"Slytherin";"Female"
"260";"Marcus Flint";"Marcus_Flint";"Slytherin";"Male"
"261";"Amy Frome";"Amy_Frome";"Slytherin";"Female"
"262";"Gang of Slytherins";"Gang_of_Slytherins";"Slytherin";"NA"
"263";"Corvinus Gaunt";"Corvinus_Gaunt";"Slytherin";"Male"
"264";"Gormlaith Gaunt";"Gormlaith_Gaunt";"Slytherin";"Female"
"265";"Damon Gosforth";"Damon_Gosforth";"Slytherin";"Male"
"266";"Gregory Goyle";"Gregory_Goyle";"Slytherin";"Male"
"267";"Mathilda Greenford";"Mathilda_Greenford";"Slytherin";"Female"
"268";"Daphne Greengrass";"Daphne_Greengrass";"Slytherin";"Female"
"269";"Amrish Gupta";"Amrish_Gupta";"Slytherin";"Male"
"270";"Yurika Haneda";"Yurika_Haneda";"Slytherin";"Female"
"271";"Niles Hanley";"Niles_Hanley";"Slytherin";"Male"
"272";"Harper";"Harper";"Slytherin";"Male"
"273";"Maynard Hatton";"Maynard_Hatton";"Slytherin";"Male"
"274";"Head of Slytherin House";"Head_of_Slytherin_House";"Slytherin";"NA"
"275";"Terence Higgs";"Terence_Higgs";"Slytherin";"Male"
"276";"Robin Higgy";"Robin_Higgy";"Slytherin";"Male"
"277";"House of Gaunt";"House_of_Gaunt";"Slytherin";"NA"
"278";"Manami Ichijoh";"Manami_Ichijoh";"Slytherin";"Female"
"279";"Malcolm Ilminster";"Malcolm_Ilminster";"Slytherin";"Male"
"280";"Jody Jacknife";"Jody_Jacknife";"Slytherin";"Female"
"281";"Trupti Kadam";"Trupti_Kadam";"Slytherin";"Female"
"282";"Sourav Kartik";"Sourav_Kartik";"Slytherin";"Male"
"283";"Zubeida Khan";"Zubeida_Khan";"Slytherin";"Female"
"284";"Jo King (Slytherin)";"Jo_King_(Slytherin)";"Slytherin";"Female"
"285";"Unidentified Slytherin knight";"Unidentified_Slytherin_knight";"Slytherin";"NA"
"286";"Kris Kolumbiko";"Kris_Kolumbiko";"Slytherin";"Male"
"287";"Hirohisa Kubo";"Hirohisa_Kubo";"Slytherin";"Male"
"288";"Jess Lafington";"Jess_Lafington";"Slytherin";"NA"
"289";"Neil Lament";"Neil_Lament";"Slytherin";"Male"
"290";"Steve Laughalot";"Steve_Laughalot";"Slytherin";"Male"
"291";"Maxwell Lazenby";"Maxwell_Lazenby";"Slytherin";"Male"
"292";"Holden Ledbury";"Holden_Ledbury";"Slytherin";"Male"
"293";"Lestrange";"Lestrange";"Slytherin";"Male"
"294";"Bellatrix Lestrange";"Bellatrix_Lestrange";"Slytherin";"Female"
"295";"Rodolphus Lestrange";"Rodolphus_Lestrange";"Slytherin";"Male"
"296";"Gabriel Lithgow";"Gabriel_Lithgow";"Slytherin";"Male"
"297";"Xander Lofthouse";"Xander_Lofthouse";"Slytherin";"Male"
"298";"Russell Lucky";"Russell_Lucky";"Slytherin";"Male"
"299";"Scarlett Lympsham";"Scarlett_Lympsham";"Slytherin";"Female"
"300";"Charles Machin";"Charles_Machin";"Slytherin";"Male"
"301";"Mafalda";"Mafalda";"Slytherin";"Female"
"302";"David Makehay";"David_Makehay";"Slytherin";"Male"
"303";"Abraxas Malfoy";"Abraxas_Malfoy";"Slytherin";"Male"
"304";"Draco Malfoy";"Draco_Malfoy";"Slytherin";"Male"
"305";"Lucius Malfoy";"Lucius_Malfoy";"Slytherin";"Male"
"306";"Narcissa Malfoy";"Narcissa_Malfoy";"Slytherin";"Female"
"307";"Scorpius Malfoy";"Scorpius_Malfoy";"Slytherin";"Male"
"308";"Thomas McGruder";"Thomas_McGruder";"Slytherin";"NA"
"309";"Gertrude Meads";"Gertrude_Meads";"Slytherin";"Female"
"310";"Sylvia Melville";"Sylvia_Melville";"Slytherin";"Female"
"311";"Merlin";"Merlin";"Slytherin";"NA"
"312";"Glynis Mexborough";"Glynis_Mexborough";"Slytherin";"Female"
"313";"Byron Miller";"Byron_Miller";"Slytherin";"NA"
"314";"Titus Mitcham";"Titus_Mitcham";"Slytherin";"NA"
"315";"Agnes Monkleigh";"Agnes_Monkleigh";"Slytherin";"Female"
"316";"Graham Montague";"Graham_Montague";"Slytherin";"NA"
"317";"Selina Moore";"Selina_Moore";"Slytherin";"Female"
"318";"Timothy Morcott";"Timothy_Morcott";"Slytherin";"NA"
"319";"Daryl Morden";"Daryl_Morden";"Slytherin";"NA"
"320";"Shawn Morris";"Shawn_Morris";"Slytherin";"NA"
"321";"Adelaide Murton";"Adelaide_Murton";"Slytherin";"Female"
"322";"Irfan Mustaq";"Irfan_Mustaq";"Slytherin";"NA"
"323";"Tracey Nettlebed";"Tracey_Nettlebed";"Slytherin";"Female"
"324";"Garrick Newbourne";"Garrick_Newbourne";"Slytherin";"NA"
"325";"Nigel's nephew";"Nigel%27s_nephew";"Slytherin";"NA"
"326";"Theodore Nott";"Theodore_Nott";"Slytherin";"NA"
"327";"Nerys Orpington";"Nerys_Orpington";"Slytherin";"Female"
"328";"Mark Overcliff";"Mark_Overcliff";"Slytherin";"NA"
"329";"Ona Parangyo";"Ona_Parangyo";"Slytherin";"Female"
"330";"Pansy Parkinson";"Pansy_Parkinson";"Slytherin";"Female"
"331";"Mildred Peebles";"Mildred_Peebles";"Slytherin";"Female"
"332";"Ursula Penkridge";"Ursula_Penkridge";"Slytherin";"Female"
"333";"Horatio Pershore";"Horatio_Pershore";"Slytherin";"NA"
"334";"Peter";"Peter";"Slytherin";"NA"
"335";"Ronald Phipps";"Ronald_Phipps";"Slytherin";"NA"
"336";"Pike";"Pike";"Slytherin";"NA"
"337";"Albus Potter";"Albus_Potter";"Slytherin";"NA"
"338";"Graham Pritchard";"Graham_Pritchard";"Slytherin";"NA"
"339";"Adrian Pucey";"Adrian_Pucey";"Slytherin";"NA"
"340";"Abigail Pugh";"Abigail_Pugh";"Slytherin";"Female"
"341";"Gordon Pummell (II)";"Gordon_Pummell_(II)";"Slytherin";"NA"
"342";"Bastien Queensbury";"Bastien_Queensbury";"Slytherin";"NA"
"343";"Hayley Quentin";"Hayley_Quentin";"Slytherin";"Female"
"344";"Rachel";"Rachel";"Slytherin";"Female"
"345";"Katie Rayknolls";"Katie_Rayknolls";"Slytherin";"Female"
"346";"User:Richard Sulkin";"User:Richard_Sulkin";"Slytherin";"NA"
"347";"Viola Richmond";"Viola_Richmond";"Slytherin";"Female"
"348";"Tom Riddle";"Tom_Riddle";"Slytherin";"NA"
"349";"Michael Robinson";"Michael_Robinson";"Slytherin";"NA"
"350";"Evan Rosier";"Evan_Rosier";"Slytherin";"NA"
"351";"Muriel Rothley";"Muriel_Rothley";"Slytherin";"Female"
"352";"Hortense Rowland";"Hortense_Rowland";"Slytherin";"Female"
"353";"Megan Rowstock";"Megan_Rowstock";"Slytherin";"Female"
"354";"Roy";"Roy";"Slytherin";"NA"
"355";"Scabior";"Scabior";"Slytherin";"NA"
"356";"Gideon Scalby";"Gideon_Scalby";"Slytherin";"NA"
"357";"Poonima Shah";"Poonima_Shah";"Slytherin";"Female"
"358";"Olivia Shardlow";"Olivia_Shardlow";"Slytherin";"Female"
"359";"Bhupen Shastri";"Bhupen_Shastri";"Slytherin";"NA"
"360";"Archana Shetty";"Archana_Shetty";"Slytherin";"Female"
"361";"Reiko Sibazaki";"Reiko_Sibazaki";"Slytherin";"Female"
"362";"Horace Slughorn";"Horace_Slughorn";"Slytherin";"NA"
"363";"Slytherin student that blames Harry Potter (I)";"Slytherin_student_that_blames_Harry_Potter_(I)";"Slytherin";"NA"
"364";"Slytherin student that blames Harry Potter (II)";"Slytherin_student_that_blames_Harry_Potter_(II)";"Slytherin";"NA"
"365";"Slytherin Wizard Duelling Champion";"Slytherin_Wizard_Duelling_Champion";"Slytherin";"NA"
"366";"Slytherin Wizard's Chess champion";"Slytherin_Wizard%27s_Chess_champion";"Slytherin";"NA"
"367";"Salazar Slytherin";"Salazar_Slytherin";"Slytherin";"NA"
"368";"Severus Snape";"Severus_Snape";"Slytherin";"NA"
"369";"Andrew Snowy Owl (Slytherin)";"Andrew_Snowy_Owl_(Slytherin)";"Slytherin";"NA"
"370";"Mark Sommertime";"Mark_Sommertime";"Slytherin";"NA"
"371";"Grant Sparkford";"Grant_Sparkford";"Slytherin";"NA"
"372";"Cole Spencer";"Cole_Spencer";"Slytherin";"NA"
"373";"Norman Stacey";"Norman_Stacey";"Slytherin";"NA"
"374";"Imogen Stretton";"Imogen_Stretton";"Slytherin";"Female"
"375";"Junpei Suruga";"Junpei_Suruga";"Slytherin";"NA"
"376";"Alex Sykes (II)";"Alex_Sykes_(II)";"Slytherin";"NA"
"377";"Atsushi Takagi";"Atsushi_Takagi";"Slytherin";"NA"
"378";"Lucinda Talkalot";"Lucinda_Talkalot";"Slytherin";"Female"
"379";"Vikram Thakur";"Vikram_Thakur";"Slytherin";"NA"
"380";"Heather Thatcham";"Heather_Thatcham";"Slytherin";"Female"
"381";"Third Floor Corridor Slytherin prefect";"Third_Floor_Corridor_Slytherin_prefect";"Slytherin";"NA"
"382";"Third Floor Slytherin Prefect";"Third_Floor_Slytherin_Prefect";"Slytherin";"NA"
"383";"Tom Riddle's gang";"Tom_Riddle%27s_gang";"Slytherin";"NA"
"384";"Andromeda Tonks";"Andromeda_Tonks";"Slytherin";"Female"
"385";"Dolores Umbridge";"Dolores_Umbridge";"Slytherin";"Female"
"386";"Unidentified blonde Slytherin girl";"Unidentified_blonde_Slytherin_girl";"Slytherin";"Female"
"387";"Unidentified Inquisitorial Squad member";"Unidentified_Inquisitorial_Squad_member";"Slytherin";"NA"
"388";"Unidentified Slytherin Beater";"Unidentified_Slytherin_Beater";"Slytherin";"NA"
"389";"Unidentified Slytherin Beater (II)";"Unidentified_Slytherin_Beater_(II)";"Slytherin";"NA"
"390";"Unidentified Slytherin boy in the Battle of Hogwarts";"Unidentified_Slytherin_boy_in_the_Battle_of_Hogwarts";"Slytherin";"NA"
"391";"Unidentified Slytherin girl (I)";"Unidentified_Slytherin_girl_(I)";"Slytherin";"Female"
"392";"Unidentified Slytherin girl (II)";"Unidentified_Slytherin_girl_(II)";"Slytherin";"Female"
"393";"Unidentified Slytherin girl (III)";"Unidentified_Slytherin_girl_(III)";"Slytherin";"Female"
"394";"Unidentified Slytherin girl at the Battle of Hogwarts";"Unidentified_Slytherin_girl_at_the_Battle_of_Hogwarts";"Slytherin";"Female"
"395";"Unidentified Slytherin girl at the Battle of Hogwarts (III)";"Unidentified_Slytherin_girl_at_the_Battle_of_Hogwarts_(III)";"Slytherin";"NA"
"396";"Unidentified Slytherin girl in the Battle of Hogwarts (IV)";"Unidentified_Slytherin_girl_in_the_Battle_of_Hogwarts_(IV)";"Slytherin";"NA"
"397";"Unidentified Slytherin Keeper";"Unidentified_Slytherin_Keeper";"Slytherin";"NA"
"398";"Urquhart";"Urquhart";"Slytherin";"NA"
"399";"Hannah Abbott";"Hannah_Abbott";"Hufflepuff";"Female"
"400";"Albert";"Albert";"Hufflepuff";"Male"
"401";"Alys";"Alys";"Hufflepuff";"Female"
"402";"Tamsin Applebee";"Tamsin_Applebee";"Hufflepuff";"Female"
"403";"Arthur (Hufflepuff student)";"Arthur_(Hufflepuff_student)";"Hufflepuff";"Male"
"404";"Patrick Bagby";"Patrick_Bagby";"Hufflepuff";"Male"
"405";"Martin Beccles";"Martin_Beccles";"Hufflepuff";"Male"
"406";"Philip Blagdon";"Philip_Blagdon";"Hufflepuff";"Male"
"407";"Susan Bones";"Susan_Bones";"Hufflepuff";"Female"
"408";"Wayne Bostock";"Wayne_Bostock";"Hufflepuff";"Male"
"409";"Robin Botesdale";"Robin_Botesdale";"Hufflepuff";"Male"
"410";"Boy in Study Hall";"Boy_in_Study_Hall";"Hufflepuff";"Male"
"411";"Unidentified boy who attended Charm School's father";"Unidentified_boy_who_attended_Charm_School%27s_father";"Hufflepuff";"Male"
"412";"Eleanor Branstone";"Eleanor_Branstone";"Hufflepuff";"Female"
"413";"Trisha Buttermere";"Trisha_Buttermere";"Hufflepuff";"Female"
"414";"Cadwallader";"Cadwallader";"Hufflepuff";"Male"
"415";"Melvin Catterick";"Melvin_Catterick";"Hufflepuff";"Male"
"416";"Owen Cauldwell";"Owen_Cauldwell";"Hufflepuff";"Male"
"417";"Poppy Caxton";"Poppy_Caxton";"Hufflepuff";"Female"
"418";"Cedric Diggory's friends";"Cedric_Diggory%27s_friends";"Hufflepuff";"NA"
"419";"Linda Chaddesley";"Linda_Chaddesley";"Hufflepuff";"Female"
"420";"Luke Cholderton";"Luke_Cholderton";"Hufflepuff";"Male"
"421";"Martine Copplestone";"Martine_Copplestone";"Hufflepuff";"Female"
"422";"Rohit Das";"Rohit_Das";"Hufflepuff";"Male"
"423";"Irene Denholm";"Irene_Denholm";"Hufflepuff";"Female"
"424";"Cedric Diggory";"Cedric_Diggory";"Hufflepuff";"Male"
"425";"Thora Dinnet";"Thora_Dinnet";"Hufflepuff";"Female"
"426";"Nitin Divekar";"Nitin_Divekar";"Hufflepuff";"Male"
"427";"Nicola Dodworth";"Nicola_Dodworth";"Hufflepuff";"Female"
"428";"Hufflepuff Duelling Club Captain";"Hufflepuff_Duelling_Club_Captain";"Hufflepuff";"NA"
"429";"Craig Dunn";"Craig_Dunn";"Hufflepuff";"Male"
"430";"Emily (Hufflepuff)";"Emily_(Hufflepuff)";"Hufflepuff";"Female"
"431";"Haruka Endoh";"Haruka_Endoh";"Hufflepuff";"Female"
"432";"Annabel Entwhistle";"Annabel_Entwhistle";"Hufflepuff";"Female"
"433";"Fat Friar";"Fat_Friar";"Hufflepuff";"Male"
"434";"Eustace Fawley";"Eustace_Fawley";"Hufflepuff";"Male"
"435";"Sullivan Fawley";"Sullivan_Fawley";"Hufflepuff";"Male"
"436";"Justin Finch-Fletchley";"Justin_Finch-Fletchley";"Hufflepuff";"Male"
"437";"First year Hufflepuff boy that blames Harry Potter";"First_year_Hufflepuff_boy_that_blames_Harry_Potter";"Hufflepuff";"Male"
"438";"Amelia Fittleworth";"Amelia_Fittleworth";"Hufflepuff";"Female"
"439";"Rhonda Fladbury";"Rhonda_Fladbury";"Hufflepuff";"Female"
"440";"Herbert Fleet";"Herbert_Fleet";"Hufflepuff";"Male"
"441";"Kay Formby";"Kay_Formby";"Hufflepuff";"Female"
"442";"Michael Frimley";"Michael_Frimley";"Hufflepuff";"Male"
"443";"Trudy Galston";"Trudy_Galston";"Hufflepuff";"Female"
"444";"Girl whose quill was taken by Cedric";"Girl_whose_quill_was_taken_by_Cedric";"Hufflepuff";"Female"
"445";"Brendon Halkirk";"Brendon_Halkirk";"Hufflepuff";"Male"
"446";"Heather";"Heather";"Hufflepuff";"Female"
"447";"Wayne Hopkins";"Wayne_Hopkins";"Hufflepuff";"Male"
"448";"Hufflepuff boy that blames Harry Potter (I)";"Hufflepuff_boy_that_blames_Harry_Potter_(I)";"Hufflepuff";"Male"
"449";"Hufflepuff boy that blames Harry Potter (II)";"Hufflepuff_boy_that_blames_Harry_Potter_(II)";"Hufflepuff";"Male"
"450";"Unidentified Hufflepuff girl (III)";"Unidentified_Hufflepuff_girl_(III)";"Hufflepuff";"Female"
"451";"Hufflepuff Wizard Duelling Champion";"Hufflepuff_Wizard_Duelling_Champion";"Hufflepuff";"Male"
"452";"Helga Hufflepuff";"Helga_Hufflepuff";"Hufflepuff";"Female"
"453";"Raashid Hussain";"Raashid_Hussain";"Hufflepuff";"Male"
"454";"User:I find i am a Hufflepuff";"User:I_find_i_am_a_Hufflepuff";"Hufflepuff";"Female"
"455";"Doris Irlam";"Doris_Irlam";"Hufflepuff";"Female"
"456";"User:Jack ""BtR"" Saxon/Sprout draft";"User:Jack_""BtR""_Saxon/Sprout_draft";"Hufflepuff";"Female"
"457";"James (Hufflepuff Quidditch player)";"James_(Hufflepuff_Quidditch_player)";"Hufflepuff";"Male"
"458";"Megan Jones";"Megan_Jones";"Hufflepuff";"Female"
"459";"Silvanus Kettleburn";"Silvanus_Kettleburn";"Hufflepuff";"Male"
"460";"Matthew Kettletoft";"Matthew_Kettletoft";"Hufflepuff";"Male"
"461";"Hamish Knighton";"Hamish_Knighton";"Hufflepuff";"Male"
"462";"Duncan Knottingley";"Duncan_Knottingley";"Hufflepuff";"Male"
"463";"Unidentified Hufflepuff lady";"Unidentified_Hufflepuff_lady";"Hufflepuff";"Female"
"464";"Leanne";"Leanne";"Hufflepuff";"Female"
"465";"Karl Limpley";"Karl_Limpley";"Hufflepuff";"Male"
"466";"Artemisia Lufkin";"Artemisia_Lufkin";"Hufflepuff";"Female"
"467";"Edward Lupin";"Edward_Lupin";"Hufflepuff";"Male"
"468";"Heidi Macavoy";"Heidi_Macavoy";"Hufflepuff";"Female"
"469";"Ernest Macmillan";"Ernest_Macmillan";"Hufflepuff";"Male"
"470";"Laura Madley";"Laura_Madley";"Hufflepuff";"Female"
"471";"Sisi Makerere";"Sisi_Makerere";"Hufflepuff";"Female"
"472";"Unidentified Hufflepuff Seeker";"Unidentified_Hufflepuff_Seeker";"Hufflepuff";"Male"
"473";"Male Muggle Studies teacher's student assistant";"Male_Muggle_Studies_teacher%27s_student_assistant";"Hufflepuff";"Male"
"474";"Bernard Maltby";"Bernard_Maltby";"Hufflepuff";"Male"
"475";"User:Mandrake-lover";"User:Mandrake-lover";"Hufflepuff";"Male"
"476";"Marilyn";"Marilyn";"Hufflepuff";"Female"
"477";"Benjamin McEwen";"Benjamin_McEwen";"Hufflepuff";"Male"
"478";"Stuart McKinley";"Stuart_McKinley";"Hufflepuff";"NA"
"479";"Michael McManus";"Michael_McManus";"Hufflepuff";"NA"
"480";"Dugald McPhail";"Dugald_McPhail";"Hufflepuff";"NA"
"481";"Helen Monroe";"Helen_Monroe";"Hufflepuff";"Female"
"482";"User:Mrdingo15";"User:Mrdingo15";"Hufflepuff";"NA"
"483";"Gregory Munslow";"Gregory_Munslow";"Hufflepuff";"NA"
"484";"Grace Nutley";"Grace_Nutley";"Hufflepuff";"Female"
"485";"Harvey O'Brien";"Harvey_O%27Brien";"Hufflepuff";"NA"
"486";"Maxine O'Flaherty";"Maxine_O%27Flaherty";"Hufflepuff";"Female"
"487";"Hecate Oakham";"Hecate_Oakham";"Hufflepuff";"Female"
"488";"Kouta Ohnishi";"Kouta_Ohnishi";"Hufflepuff";"NA"
"489";"Madeline Ormskirk";"Madeline_Ormskirk";"Hufflepuff";"Female"
"490";"Gillian Ossett";"Gillian_Ossett";"Hufflepuff";"Female"
"491";"Anthony Otterburn";"Anthony_Otterburn";"Hufflepuff";"NA"
"492";"Manoj Pandit";"Manoj_Pandit";"Hufflepuff";"NA"
"493";"Madhumati Parmar";"Madhumati_Parmar";"Hufflepuff";"Female"
"494";"Ashish Patel";"Ashish_Patel";"Hufflepuff";"NA"
"495";"Bhavana Patel";"Bhavana_Patel";"Hufflepuff";"Female"
"496";"Edna Patridge";"Edna_Patridge";"Hufflepuff";"Female"
"497";"Sean Peakes";"Sean_Peakes";"Hufflepuff";"NA"
"498";"Eldon Pembroke";"Eldon_Pembroke";"Hufflepuff";"NA"
"499";"Gareth Pewsey";"Gareth_Pewsey";"Hufflepuff";"NA"
"500";"Gayle Pocklington";"Gayle_Pocklington";"Hufflepuff";"Female"
"501";"Potions Club girl";"Potions_Club_girl";"Hufflepuff";"Female"
"502";"Malcolm Preece";"Malcolm_Preece";"Hufflepuff";"NA"
"503";"Gladys Prescott";"Gladys_Prescott";"Hufflepuff";"Female"
"504";"Sidney Puckeridge";"Sidney_Puckeridge";"Hufflepuff";"NA"
"505";"Eglantine Puffett";"Eglantine_Puffett";"Hufflepuff";"Female"
"506";"Caroline Purvis";"Caroline_Purvis";"Hufflepuff";"Female"
"507";"Anthony Rickett";"Anthony_Rickett";"Hufflepuff";"NA"
"508";"Graham Romsey";"Graham_Romsey";"Hufflepuff";"NA"
"509";"Lynette Sawley";"Lynette_Sawley";"Hufflepuff";"Female"
"510";"Newton Scamander";"Newton_Scamander";"Hufflepuff";"NA"
"511";"Satinder Singh";"Satinder_Singh";"Hufflepuff";"Female"
"512";"Zacharias Smith";"Zacharias_Smith";"Hufflepuff";"NA"
"513";"Adrian Speke";"Adrian_Speke";"Hufflepuff";"NA"
"514";"Pomona Sprout";"Pomona_Sprout";"Hufflepuff";"Female"
"515";"Manish Sreenivasan";"Manish_Sreenivasan";"Hufflepuff";"NA"
"516";"Stebbins (Potter-era)";"Stebbins_(Potter-era)";"Hufflepuff";"NA"
"517";"Grogan Stump";"Grogan_Stump";"Hufflepuff";"NA"
"518";"Aki Sugiyama";"Aki_Sugiyama";"Hufflepuff";"Female"
"519";"Summerby";"Summerby";"Hufflepuff";"NA"
"520";"Summers";"Summers";"Hufflepuff";"NA"
"521";"Natsumi Suzuki";"Natsumi_Suzuki";"Hufflepuff";"Female"
"522";"Malcolm Swannage";"Malcolm_Swannage";"Hufflepuff";"NA"
"523";"Lina Tande";"Lina_Tande";"Hufflepuff";"Female"
"524";"Gabriel Tate";"Gabriel_Tate";"Hufflepuff";"NA"
"525";"Siobhan Templeton";"Siobhan_Templeton";"Hufflepuff";"Female"
"526";"Alistair Thaxted";"Alistair_Thaxted";"Hufflepuff";"NA"
"527";"Agatha Thrussington";"Agatha_Thrussington";"Hufflepuff";"Female"
"528";"Isabella Tintwistle";"Isabella_Tintwistle";"Hufflepuff";"Female"
"529";"Lesley Toddington";"Lesley_Toddington";"Hufflepuff";"Female"
"530";"Nymphadora Tonks";"Nymphadora_Tonks";"Hufflepuff";"Female"
"531";"Jessica Tring";"Jessica_Tring";"Hufflepuff";"Female"
"532";"Gabriel Truman";"Gabriel_Truman";"Hufflepuff";"NA"
"533";"James Tuckett (I)";"James_Tuckett_(I)";"Hufflepuff";"NA"
"534";"James Tuckett (II)";"James_Tuckett_(II)";"Hufflepuff";"NA"
"535";"Darrel Turner";"Darrel_Turner";"Hufflepuff";"NA"
"536";"Unidentified Choir Member (I)";"Unidentified_Choir_Member_(I)";"Hufflepuff";"NA"
"537";"Unidentified Hogwarts Hufflepuff boy who carried a body during the Battle of Hogwarts";"Unidentified_Hogwarts_Hufflepuff_boy_who_carried_a_body_during_the_Battle_of_Hogwarts";"Hufflepuff";"NA"
"538";"Unidentified Hufflepuff boy (II)";"Unidentified_Hufflepuff_boy_(II)";"Hufflepuff";"NA"
"539";"Unidentified Hufflepuff boy that greets Sir Nicholas (I)";"Unidentified_Hufflepuff_boy_that_greets_Sir_Nicholas_(I)";"Hufflepuff";"NA"
"540";"Unidentified Hufflepuff girl (I)";"Unidentified_Hufflepuff_girl_(I)";"Hufflepuff";"Female"
"541";"Unidentified Hufflepuff girl (II)";"Unidentified_Hufflepuff_girl_(II)";"Hufflepuff";"NA"
"542";"Unidentified Hufflepuff girl at the Battle of Hogwarts";"Unidentified_Hufflepuff_girl_at_the_Battle_of_Hogwarts";"Hufflepuff";"NA"
"543";"Unidentified Hufflepuff girl that greets Sir Nicholas (I)";"Unidentified_Hufflepuff_girl_that_greets_Sir_Nicholas_(I)";"Hufflepuff";"Female"
"544";"Zara Valli";"Zara_Valli";"Hufflepuff";"Female"
"545";"Eugene Warmsley";"Eugene_Warmsley";"Hufflepuff";"NA"
"546";"Bridget Wenlock";"Bridget_Wenlock";"Hufflepuff";"Female"
"547";"Kevin Whitby";"Kevin_Whitby";"Hufflepuff";"NA"
"548";"Dora Williams";"Dora_Williams";"Hufflepuff";"Female"
"549";"Hengist of Woodcroft";"Hengist_of_Woodcroft";"Hufflepuff";"NA"
"550";"Katsuji Yamazaki";"Katsuji_Yamazaki";"Hufflepuff";"NA"
"551";"Kousuke Yoshioka";"Kousuke_Yoshioka";"Hufflepuff";"NA"
"552";"Rose Zeller";"Rose_Zeller";"Hufflepuff";"Female"
"553";"Roland Abberley";"Roland_Abberley";"Ravenclaw";"Male"
"554";"Stewart Ackerley";"Stewart_Ackerley";"Ravenclaw";"Male"
"555";"Jatin Agarkar";"Jatin_Agarkar";"Ravenclaw";"Male"
"556";"Alannis";"Alannis";"Ravenclaw";"Female"
"557";"Dennis Aldermaston";"Dennis_Aldermaston";"Ravenclaw";"Male"
"558";"Pamela Alton";"Pamela_Alton";"Ravenclaw";"Female"
"559";"Amanda";"Amanda";"Ravenclaw";"Female"
"560";"Yutaka Amano";"Yutaka_Amano";"Ravenclaw";"Male"
"561";"Scott Ancrum";"Scott_Ancrum";"Ravenclaw";"Male"
"562";"Andrew";"Andrew";"Ravenclaw";"Male"
"563";"Becky Arncliffe";"Becky_Arncliffe";"Ravenclaw";"Female"
"564";"Millicent Bagnold";"Millicent_Bagnold";"Ravenclaw";"Female"
"565";"Arjuna Balaji";"Arjuna_Balaji";"Ravenclaw";"Male"
"566";"Yvonne Bampton";"Yvonne_Bampton";"Ravenclaw";"Female"
"567";"Marcus Belby";"Marcus_Belby";"Ravenclaw";"Male"
"568";"Ethan Bexley";"Ethan_Bexley";"Ravenclaw";"Male"
"569";"Trevor Birch";"Trevor_Birch";"Ravenclaw";"Male"
"570";"Terry Boot";"Terry_Boot";"Ravenclaw";"Male"
"571";"Boy who kept a bezoar in his pocket";"Boy_who_kept_a_bezoar_in_his_pocket";"Ravenclaw";"Male"
"572";"Bradley";"Bradley";"Ravenclaw";"NA"
"573";"Mandy Brocklehurst";"Mandy_Brocklehurst";"Ravenclaw";"Female"
"574";"Sheila Brooks";"Sheila_Brooks";"Ravenclaw";"Female"
"575";"Randolph Burrow";"Randolph_Burrow";"Ravenclaw";"Male"
"576";"Eddie Carmichael";"Eddie_Carmichael";"Ravenclaw";"Male"
"577";"Chambers";"Chambers";"Ravenclaw";"Male"
"578";"Cho Chang";"Cho_Chang";"Ravenclaw";"Female"
"579";"Penelope Clearwater";"Penelope_Clearwater";"Ravenclaw";"Female"
"580";"Hortense Cooper";"Hortense_Cooper";"Ravenclaw";"Female"
"581";"Michael Corner";"Michael_Corner";"Ravenclaw";"Male"
"582";"Loretta Cornhill";"Loretta_Cornhill";"Ravenclaw";"Female"
"583";"Daisy Corran";"Daisy_Corran";"Ravenclaw";"Female"
"584";"Roger Davies";"Roger_Davies";"Ravenclaw";"Male"
"585";"Helen Dawlish";"Helen_Dawlish";"Ravenclaw";"Female"
"586";"Nanette Desford";"Nanette_Desford";"Ravenclaw";"Female"
"587";"Shruti Dev";"Shruti_Dev";"Ravenclaw";"Female"
"588";"Ananyo Dhillon";"Ananyo_Dhillon";"Ravenclaw";"Male"
"589";"User:Dobby4ever";"User:Dobby4ever";"Ravenclaw";"Male"
"590";"Nathaniel Douglas";"Nathaniel_Douglas";"Ravenclaw";"Male"
"591";"Felicity Eastchurch";"Felicity_Eastchurch";"Ravenclaw";"Female"
"592";"Marietta Edgecombe";"Marietta_Edgecombe";"Ravenclaw";"Female"
"593";"Harriet Ellesmere";"Harriet_Ellesmere";"Ravenclaw";"Female"
"594";"Hilary Erskine";"Hilary_Erskine";"Ravenclaw";"Female"
"595";"Margaret Ettington";"Margaret_Ettington";"Ravenclaw";"Female"
"596";"Perpetua Fancourt";"Perpetua_Fancourt";"Ravenclaw";"Female"
"597";"Fawcett";"Fawcett";"Ravenclaw";"Female"
"598";"Marcus Fenwick";"Marcus_Fenwick";"Ravenclaw";"Male"
"599";"Patrick Fincher";"Patrick_Fincher";"Ravenclaw";"Male"
"600";"Filius Flitwick";"Filius_Flitwick";"Ravenclaw";"Male"
"601";"Miranda Flockton";"Miranda_Flockton";"Ravenclaw";"Female"
"602";"Basil Fronsac";"Basil_Fronsac";"Ravenclaw";"Male"
"603";"Cordelia Gifford";"Cordelia_Gifford";"Ravenclaw";"Female"
"604";"Maria Glossop";"Maria_Glossop";"Ravenclaw";"Female"
"605";"Anthony Goldstein";"Anthony_Goldstein";"Ravenclaw";"Male"
"606";"Austin Guthrie";"Austin_Guthrie";"Ravenclaw";"Male"
"607";"Noel Harwich";"Noel_Harwich";"Ravenclaw";"Male"
"608";"Declan Haworth";"Declan_Haworth";"Ravenclaw";"Male"
"609";"Head of Ravenclaw House";"Head_of_Ravenclaw_House";"Ravenclaw";"NA"
"610";"Christopher Hemsley";"Christopher_Hemsley";"Ravenclaw";"Male"
"611";"Susanna Hesleden";"Susanna_Hesleden";"Ravenclaw";"Female"
"612";"Robert Hilliard";"Robert_Hilliard";"Ravenclaw";"Male"
"613";"Marcus Hitchin";"Marcus_Hitchin";"Ravenclaw";"Male"
"614";"Sanford Humberston";"Sanford_Humberston";"Ravenclaw";"Male"
"615";"Jason Huntingdon";"Jason_Huntingdon";"Ravenclaw";"Male"
"616";"Shoma Ichikawa";"Shoma_Ichikawa";"Ravenclaw";"Male"
"617";"Duncan Inglebee";"Duncan_Inglebee";"Ravenclaw";"Male"
"618";"User:Jack ""BtR"" Saxon/Flitwick draft";"User:Jack_""BtR""_Saxon/Flitwick_draft";"Ravenclaw";"Male"
"619";"Nola Johnston";"Nola_Johnston";"Ravenclaw";"Female"
"620";"Tomoko Kajiwara";"Tomoko_Kajiwara";"Ravenclaw";"Female"
"621";"Andrea Kegworth";"Andrea_Kegworth";"Ravenclaw";"Female"
"622";"Sarah Kempston";"Sarah_Kempston";"Ravenclaw";"Female"
"623";"Joan Kerridge";"Joan_Kerridge";"Ravenclaw";"Female"
"624";"Danny Kershaw";"Danny_Kershaw";"Ravenclaw";"Male"
"625";"Ashok Khanna";"Ashok_Khanna";"Ravenclaw";"Male"
"626";"Humphrey Kilburn";"Humphrey_Kilburn";"Ravenclaw";"Male"
"627";"Noreen Kirkby";"Noreen_Kirkby";"Ravenclaw";"Female"
"628";"Biko Kisawahi";"Biko_Kisawahi";"Ravenclaw";"Male"
"629";"Unidentified Ravenclaw lady";"Unidentified_Ravenclaw_lady";"Ravenclaw";"Female"
"630";"Mark Latchingdon";"Mark_Latchingdon";"Ravenclaw";"Male"
"631";"Toby Lennox (Ravenclaw)";"Toby_Lennox_(Ravenclaw)";"Ravenclaw";"Male"
"632";"Sue Li";"Sue_Li";"Ravenclaw";"Female"
"633";"Gilderoy Lockhart";"Gilderoy_Lockhart";"Ravenclaw";"Male"
"634";"Luna Lovegood";"Luna_Lovegood";"Ravenclaw";"Female"
"635";"Xenophilius Lovegood";"Xenophilius_Lovegood";"Ravenclaw";"Male"
"636";"Roberta Lutterworth";"Roberta_Lutterworth";"Ravenclaw";"Female"
"637";"Isobel MacDougal";"Isobel_MacDougal";"Ravenclaw";"Female"
"638";"Unidentified Ravenclaw Seeker";"Unidentified_Ravenclaw_Seeker";"Ravenclaw";"Male"
"639";"Hugo Mattingley";"Hugo_Mattingley";"Ravenclaw";"Male"
"640";"Sterling McCubbin";"Sterling_McCubbin";"Ravenclaw";"Male"
"641";"Lorcan McLaird";"Lorcan_McLaird";"Ravenclaw";"NA"
"642";"Godfrey Midhurst";"Godfrey_Midhurst";"Ravenclaw";"NA"
"643";"Elizabeth Mkapa";"Elizabeth_Mkapa";"Ravenclaw";"Female"
"644";"Phillip Montgomery";"Phillip_Montgomery";"Ravenclaw";"NA"
"645";"Laverne de Montmorency";"Laverne_de_Montmorency";"Ravenclaw";"Female"
"646";"Music classroom monitor";"Music_classroom_monitor";"Ravenclaw";"NA"
"647";"Takashi Noda";"Takashi_Noda";"Ravenclaw";"NA"
"648";"Banga O'Deluga";"Banga_O%27Deluga";"Ravenclaw";"NA"
"649";"Garrick Ollivander";"Garrick_Ollivander";"Ravenclaw";"NA"
"650";"Grant Page";"Grant_Page";"Ravenclaw";"NA"
"651";"Sherwood Partington";"Sherwood_Partington";"Ravenclaw";"NA"
"652";"Padma Patil";"Padma_Patil";"Ravenclaw";"Female"
"653";"Swati Pevekar";"Swati_Pevekar";"Ravenclaw";"Female"
"654";"User:Professor Ambrius";"User:Professor_Ambrius";"Ravenclaw";"NA"
"655";"Orla Quirke";"Orla_Quirke";"Ravenclaw";"Female"
"656";"Quirinus Quirrell";"Quirinus_Quirrell";"Ravenclaw";"NA"
"657";"Amina Qureshi";"Amina_Qureshi";"Ravenclaw";"Female"
"658";"Asma Rahman";"Asma_Rahman";"Ravenclaw";"Female"
"659";"Latisha Randle";"Latisha_Randle";"Ravenclaw";"Female"
"660";"Ravenclaw Wizard Duelling Champion";"Ravenclaw_Wizard_Duelling_Champion";"Ravenclaw";"NA"
"661";"Ravenclaw Wizard's Chess champion";"Ravenclaw_Wizard%27s_Chess_champion";"Ravenclaw";"Female"
"662";"Helena Ravenclaw";"Helena_Ravenclaw";"Ravenclaw";"Female"
"663";"Rowena Ravenclaw";"Rowena_Ravenclaw";"Ravenclaw";"Female"
"664";"Raymond";"Raymond";"Ravenclaw";"NA"
"665";"Rebecca";"Rebecca";"Ravenclaw";"Female"
"666";"Yolanda Reedham";"Yolanda_Reedham";"Ravenclaw";"Female"
"667";"Maisy Reynolds";"Maisy_Reynolds";"Ravenclaw";"Female"
"668";"Hemani Roshan";"Hemani_Roshan";"Ravenclaw";"Female"
"669";"Ophelia Rushden";"Ophelia_Rushden";"Ravenclaw";"Female"
"670";"Jason Samuels";"Jason_Samuels";"Ravenclaw";"NA"
"671";"Secret student sweetshop manager";"Secret_student_sweetshop_manager";"Ravenclaw";"NA"
"672";"Omar Shaw";"Omar_Shaw";"Ravenclaw";"NA"
"673";"Alannis Shepley";"Alannis_Shepley";"Ravenclaw";"Female"
"674";"Kim Sheringham";"Kim_Sheringham";"Ravenclaw";"Female"
"675";"Arman Shettigar";"Arman_Shettigar";"Ravenclaw";"NA"
"676";"Justin Steele";"Justin_Steele";"Ravenclaw";"NA"
"677";"Hazel Stickney";"Hazel_Stickney";"Ravenclaw";"Female"
"678";"Geoffrey Stradbroke";"Geoffrey_Stradbroke";"Ravenclaw";"NA"
"679";"Arnold Streeton";"Arnold_Streeton";"Ravenclaw";"NA"
"680";"Jeremy Stretton";"Jeremy_Stretton";"Ravenclaw";"NA"
"681";"Lewis Thorverton";"Lewis_Thorverton";"Ravenclaw";"NA"
"682";"Sybill Trelawney";"Sybill_Trelawney";"Ravenclaw";"Female"
"683";"Sachin Tripathy";"Sachin_Tripathy";"Ravenclaw";"NA"
"684";"Miyuki Tsuji";"Miyuki_Tsuji";"Ravenclaw";"Female"
"685";"Marcus Turner";"Marcus_Turner";"Ravenclaw";"NA"
"686";"Lisa Turpin";"Lisa_Turpin";"Ravenclaw";"Female"
"687";"Unidentified Dumbledore's Army male Ravenclaw member 1997-1998 (II)";"Unidentified_Dumbledore%27s_Army_male_Ravenclaw_member_1997-1998_(II)";"Ravenclaw";"NA"
"688";"Unidentified Hogwarts Ravenclaw boy who carried a body during the Battle of Hogwarts";"Unidentified_Hogwarts_Ravenclaw_boy_who_carried_a_body_during_the_Battle_of_Hogwarts";"Ravenclaw";"NA"
"689";"Unidentified Ravenclaw 4th years";"Unidentified_Ravenclaw_4th_years";"Ravenclaw";"NA"
"690";"Unidentified Ravenclaw black girl during the Battle of Hogwarts";"Unidentified_Ravenclaw_black_girl_during_the_Battle_of_Hogwarts";"Ravenclaw";"Female"
"691";"Unidentified Ravenclaw boy";"Unidentified_Ravenclaw_boy";"Ravenclaw";"NA"
"692";"Unidentified Ravenclaw boy (II)";"Unidentified_Ravenclaw_boy_(II)";"Ravenclaw";"NA"
"693";"Unidentified Ravenclaw boy (III)";"Unidentified_Ravenclaw_boy_(III)";"Ravenclaw";"NA"
"694";"Unidentified Ravenclaw boy at Hogwarts";"Unidentified_Ravenclaw_boy_at_Hogwarts";"Ravenclaw";"NA"
"695";"Unidentified Ravenclaw boy during the Battle of Hogwarts";"Unidentified_Ravenclaw_boy_during_the_Battle_of_Hogwarts";"Ravenclaw";"NA"
"696";"Unidentified Ravenclaw Girl during the Battle of Hogwarts";"Unidentified_Ravenclaw_Girl_during_the_Battle_of_Hogwarts";"Ravenclaw";"NA"
"697";"Unidentified Ravenclaw prefect";"Unidentified_Ravenclaw_prefect";"Ravenclaw";"NA"
"698";"Unidentified Ravenclaw prefect (II)";"Unidentified_Ravenclaw_prefect_(II)";"Ravenclaw";"NA"
"699";"Unidentified Ravenclaw student asked to the Yule Ball by a Durmstrang student";"Unidentified_Ravenclaw_student_asked_to_the_Yule_Ball_by_a_Durmstrang_student";"Ravenclaw";"Female"
"700";"Unidentified Ravenclaw Substitute Seeker";"Unidentified_Ravenclaw_Substitute_Seeker";"Ravenclaw";"NA"
"701";"Uric the Oddball";"Uric_the_Oddball";"Ravenclaw";"NA"
"702";"Gerald Vickers";"Gerald_Vickers";"Ravenclaw";"NA"
"703";"Myrtle Warren";"Myrtle_Warren";"Ravenclaw";"Female"
"704";"Ignatia Wildsmith";"Ignatia_Wildsmith";"Ravenclaw";"Female"
"705";"Gerard Willerby";"Gerard_Willerby";"Ravenclaw";"NA"
"706";"Aron Woodbridge";"Aron_Woodbridge";"Ravenclaw";"NA"
"707";"Nigel Wroxton";"Nigel_Wroxton";"Ravenclaw";"NA"
"708";"Mizuho Yoshii";"Mizuho_Yoshii";"Ravenclaw";"Female"
