"Id","game","day_release","platform","PS4","Xbox_One","PC","url","Price_new","Price_used","Score","User_Score"
1,"Deus Ex: Mankind Divided",2016-08-23,"Xbox One, PS4, PC",1,1,1,"https://www.gamespot.com/deus-ex-mankind-divided/",14.99,8,8.3,7.5
2,"Hue",2016-08-23,"Xbox One, PS4, Vita, PC",1,1,1,"https://www.gamespot.com/hue/",NA,NA,NA,NA
3,"The Huntsman: Winter's Curse",2016-08-23,"PS4",1,0,0,"https://www.gamespot.com/the-huntsman-winters-curse/",NA,NA,NA,NA
4,"Inside",2016-08-23,"PS4",1,0,0,"https://www.gamespot.com/inside/",NA,NA,8.7,8.7
5,"The King of Fighters XIV",2016-08-23,"PS4",1,0,0,"https://www.gamespot.com/the-king-of-fighters-xiv/",29.99,25.49,NA,7.7
6,"Madden NFL 17",2016-08-23,"Xbox One, Xbox 360, PS4, PS3",1,1,0,"https://www.gamespot.com/madden-nfl-17/",8,25,8.3,7.4
7,"Metrico+",2016-08-23,"PS4",1,0,0,"https://www.gamespot.com/metrico-plus/",NA,NA,6.6,NA
8,"Prominence Poker",2016-08-23,"PS4",1,0,0,"https://www.gamespot.com/prominence-poker/",NA,NA,NA,NA
9,"Valley ",2016-08-24,"Xbox One, PS4, Steam",1,1,0,"https://www.gamespot.com/valley/",NA,NA,NA,NA
10,"The Other 99",2016-08-25,"PC",0,0,1,"https://www.gamespot.com/the-other-99/",NA,NA,NA,NA
11,"Assetto Corsa",2016-08-30,"Xbox One, PS4",1,1,0,"https://www.gamespot.com/assetto-corsa/",31.38,24.33,8.5,7.6
12,"Attack on Titan ",2016-08-30,"Xbox One, PS4, PS3, Vita, PC",1,1,1,"https://www.gamespot.com/attack-on-titan/",32.25,30.3,NA,7.4
13,"The Final Station",2016-08-30,"Xbox One, PS4, PC, Mac, Linux",1,1,1,"https://www.gamespot.com/the-final-station/",NA,NA,7.6,7.1
14,"Champions of Anteria",2016-08-30,"PC",0,0,1,"https://www.gamespot.com/champions-of-anteria/",NA,NA,6.7,NA
15,"God Eater 2: Rage Burst ",2016-08-30,"PS4, Vita, PC",1,0,1,"https://www.gamespot.com/god-eater-2/",23.74,19.35,NA,7.8
16,"Hatsune Miku: Project Diva X",2016-08-30,"PS4, Vita, PC",1,0,1,"https://www.gamespot.com/hatsune-miku-project-diva-x/",29.79,23.83,8.3,6.5
17,"Nebulous ",2016-08-30,"PS4, PC, Mac",1,0,1,"https://www.gamespot.com/nebulous/",NA,NA,NA,NA
18,"Resident Evil 4",2016-08-30,"Xbox One, PS4",1,1,0,"https://www.gamespot.com/resident-evil-4/",55,4.18,9.6,9.3
19,"Strike Vector Ex",2016-08-30,"Xbox One, PS4",1,1,0,"https://www.gamespot.com/videos/8-minutes-of-strike-vector-ex-skirmish-gameplay/2300-6428933/",NA,NA,NA,NA
20,"The Turing Test",2016-08-30,"Xbox One, PC",0,1,1,"https://www.gamespot.com/the-turing-test/",NA,NA,7.4,7.4
21,"Verdun",2016-08-30,"PS4",1,0,0,"https://www.gamespot.com/verdun/",NA,NA,7,7.3
22,"World of Warcraft: Legion ",2016-08-30,"PC, Mac",0,0,1,"https://www.gamespot.com/world-of-warcraft/",15,0.01,9.3,8.8
23,"RunGunJumpGun",2016-08-31,"PC, Mac",0,0,1,"https://www.gamespot.com/rungunjumpgun/",NA,NA,8.2,NA
24,"Shiny ",2016-08-31,"Xbox One, PC",0,1,1,"https://www.gamespot.com/shiny/",NA,NA,5.1,NA
25,"Tahira",2016-08-31,"PC, Mac, Linux",0,0,1,"https://www.gamespot.com/tahira-echoes-of-the-astral-empire/",NA,NA,NA,6.5
26,"Just Sing",2016-09-06,"Xbox One, PS4",1,1,0,"https://www.gamespot.com/just-sing/",2.7,5.27,NA,NA
27,"Touhou Genso Rondo: Bullet Ballet",2016-09-06,"PS4",1,0,0,"https://www.gamespot.com/touhou-genso-rondo-bullet-ballet/",20.3,14.67,5.5,NA
28,"Phoenix Wright: Ace Attorney - Spirit of Justice",2016-09-08,"3DS",0,0,0,"https://www.gamespot.com/phoenix-wright-ace-attorney-spirit-of-justice/",NA,NA,8.1,8.2
29,"Bioshock: The Collection",2016-09-13,"Xbox One, PS4, PC",1,1,1,"https://www.gamespot.com/bioshock-the-collection/",29.95,22.99,8,9.2
30,"Batman: The Telltale Series - Season Pass Disc",2016-09-13,"Xbox One, Xbox 360, PS4, PS3",1,1,0,"https://www.gamespot.com/batman-the-telltale-series/",8.9,8.01,6.4,7.5
31,"Dead Rising Remastered",2016-09-13,"Xbox One, PS4, PC",1,1,1,"https://www.gamespot.com/dead-rising/",7.09,0.02,NA,8.5
32,"MeiQ: Labyrinth of Death",2016-09-13,"Vita",0,0,0,"https://www.gamespot.com/meiq-labyrinth-of-death/",19.99,14.95,5.6,NA
33,"Nascar Heat Evolution",2016-09-13,"Xbox One, PS4, PC",1,1,1,"https://www.gamespot.com/nascar-heat-evolution/",25.27,18.56,NA,3.9
34,"Never Ending Night",2016-09-13,"PC",0,0,1,"https://www.gamespot.com/never-ending-night/",NA,NA,NA,7.5
35,"NHL 17",2016-09-13,"Xbox One, PS4",1,1,0,"https://www.gamespot.com/nhl-17/",29.95,23.95,7.7,6.4
36,"Psycho-Pass: Mandatory Happiness",2016-09-13,"PS4, Vita",1,0,0,"https://www.gamespot.com/psycho-pass-mandatory-happiness/",30.18,29,NA,NA
37,"ReCore",2016-09-13,"Xbox One, PC",0,1,1,"https://www.gamespot.com/recore/",12.62,8.99,6.3,7.5
38,"Rive",2016-09-13,"PS4, PC",1,0,1,"https://www.gamespot.com/rive/",NA,NA,7.3,NA
39,"The Witness",2016-09-13,"Xbox One",0,1,0,"https://www.gamespot.com/the-witness/",NA,NA,8.7,NA
40,"Adr1ft",2016-09-16,"Xbox One",0,1,0,"https://www.gamespot.com/adr1ft/",19.99,NA,6.4,5.2
41,"Dragon Quest VII",2016-09-16,"3DS",0,0,0,"https://www.gamespot.com/dragon-warrior-vii/",NA,NA,NA,NA
42,"Air Conflicts: Double Pack",2016-09-20,"PS4",1,0,0,"https://www.gamespot.com/air-conflicts-double-pack/",19.68,13,NA,NA
43,"Criminal Girls 2: Party Favors",2016-09-20,"Vita",0,0,0,"https://www.gamespot.com/criminal-girls-2-party-favors/",23.78,36.48,6.7,NA
44,"Dear Esther: Landmark Edition",2016-09-20,"Xbox One, PS4",1,1,0,"https://www.gamespot.com/dear-esther/",36.94,NA,7.5,7.1
45,"Destiny: Rise of Iron ",2016-09-20,"Xbox One, PS4",1,1,0,"https://www.gamespot.com/videos/official-destiny-rise-of-iron-reveal-trailer/2300-6432531/",NA,NA,NA,NA
46,"Killer Instinct: Definitive Edition",2016-09-20,"Xbox One, PC",0,1,1,"https://www.gamespot.com/videos/killer-instinct-definitive-edition-trailer/2300-6433338/",NA,NA,NA,NA
47,"NBA 2K17",2016-09-20,"Xbox One, PS4",1,1,0,"https://www.gamespot.com/nba-2k17/",27.53,NA,9,8.2
48,"Shin Megami Tensei IV: Apocalypse ",2016-09-20,"3DS",0,0,0,"https://www.gamespot.com/shin-megami-tensei-iv-apocalypse/",35,25,8.4,NA
49,"Darkest Dungeon",2016-09-27,"PS4, Vita",1,0,0,"https://www.gamespot.com/darkest-dungeon/",NA,NA,8.4,7.8
50,"Dead Rising 2 Remastered",2016-09-27,"Xbox One, PS4, PC",1,1,1,"https://www.gamespot.com/dead-rising-2/",8.49,7.29,7.8,7.9
51,"Fifa 17 ",2016-09-27,"Xbox One, Xbox 360, PS4, PS3",1,1,0,"https://www.gamespot.com/fifa-17/",42.9,41.51,8.4,7.6
52,"Forza Horizon 3",2016-09-27,"Xbox One, PC",0,1,1,"https://www.gamespot.com/forza-horizon-3/",43.95,51.18,8.6,8.8
53,"Shantae and The Pirate's Curse",2016-09-27,"3DS Retail",0,0,0,"https://www.gamespot.com/shantae-and-the-pirates-curse/",17.4,NA,8.2,8.3
54,"Sonic Boom: Fire & Ice",2016-09-27,"3DS",0,0,0,"https://www.gamespot.com/sonic-boom-fire-and-ice/",14.14,13.43,6.2,6.1
55,"XCOM 2",2016-09-27,"Xbox One, PS4",1,1,0,"https://www.gamespot.com/xcom-2/",34.99,39,8.8,8.7
56,"Azure Striker Gunvolt 2",2016-09-30,"3DS",0,0,0,"https://www.gamespot.com/azure-striker-gunvolt-2/",NA,NA,7.6,8.6
57,"Yo-Kai Watch 2 ",2016-09-30,"3DS",0,0,0,"https://www.gamespot.com/yo-kai-watch-2-bony-spirits/",19.71,19,7.2,8.3
58,"Warhammer: The End Times � Vermintide",2016-10-04,"Xbox One, PS4",1,1,0,"https://www.gamespot.com/warhammer-end-times-vermintide/",17,25,7.9,7.6
59,"The Silver Case",2016-10-06,"PC",0,0,1,"https://www.gamespot.com/the-silver-case/",29.79,23,NA,6.5
60,"Mafia III",2016-10-07,"Xbox One, PS4, PC",1,1,1,"https://www.gamespot.com/mafia-iii/",25.97,18.9,6.2,6.5
61,"Paper Mario Color Splash",2016-10-07,"Wii U",0,0,0,"https://www.gamespot.com/paper-mario-color-splash/",49.81,45.99,7.6,8.2
62,"100ft Robot Golf",2016-10-10,"PlayStation VR",0,0,0,"https://www.gamespot.com/100ft-robot-golf/",NA,NA,NA,NA
63,"Harmonix Music VR",2016-10-10,"PlayStation VR",0,0,0,"https://www.gamespot.com/harmonix-music-vr/",NA,NA,4.4,NA
64,"Metal Gear Solid V: The Definitive Experience",2016-10-10,"Xbox One, PS4",1,1,0,"https://www.gamespot.com/articles/metal-gear-solid-v-the-phantom-pain-announced/1100-6406062/",NA,NA,NA,NA
65,"PlayStation VR Worlds",2016-10-10,"PlayStation VR",0,0,0,"https://www.gamespot.com/playstation-vr-worlds/",29.99,26.69,5.9,NA
66,"Super Stardust Ultra VR",2016-10-10,"PlayStation VR",0,0,0,"https://www.gamespot.com/super-stardust-ultra-vr/",NA,NA,6.6,NA
67,"Thumper",2016-10-10,"PS4, PlayStation VR, PC",1,0,1,"https://www.gamespot.com/thumper/",NA,NA,8.5,6.6
68,"Tumble VR",2016-10-10,"PlayStation VR",0,0,0,"https://www.gamespot.com/tumble-vr/",NA,NA,6.9,NA
69,"Rise of the Tomb Raider: 20 Year Celebration Edition",2016-10-11,"PS4",1,0,0,"https://www.gamespot.com/rise-of-the-tomb-raider/",16.79,NA,8.6,8.7
70,"Duke Nukem 3D 20th Anniversary Edition World Tour",2016-10-11,"Xbox One, PS4, PC",1,1,1,"https://www.gamespot.com/duke-nukem-3d/",24.95,2.99,8.9,8.5
71,"Gears of War 4",2016-10-11,"Xbox One, PC",0,1,1,"https://www.gamespot.comhttp://www.gameinformer.com/games/gears_of_war_4/b/xboxone/default.aspx",NA,NA,NA,NA
72,"Dragon Quest Builders",2016-10-11,"PS4, Vita",1,0,0,"https://www.gamespot.com/dragon-quest-builders/",27.64,24.02,NA,8.1
73,"WWE 2K17",2016-10-11,"Xbox One, Xbox 360, PS4, PS3",1,1,0,"https://www.gamespot.com/wwe-2k17/",29.99,23.47,6.1,5.6
74,"Ace Banana",2016-10-13,"PlayStation VR",0,0,0,"https://www.gamespot.com/ace-banana/",NA,NA,4,NA
75,"The Assembly",2016-10-13,"PlayStation VR",0,0,0,"https://www.gamespot.com/the-assembly/",NA,NA,5.5,6.2
76,"Atari Flashback Classics Vol. 1",2016-10-13,"Xbox One, PS4",1,1,0,"https://www.gamespot.com/atari-flashback-classics-volume-1/",12.5,10.54,NA,NA
77,"Atari Flashback Classics Vol. 2",2016-10-13,"Xbox One, PS4",1,1,0,"https://www.gamespot.com/atari-flashback-classics-volume-2/",12.92,9.38,NA,NA
78,"Batman: Arkham VR",2016-10-13,"PlayStation VR",0,0,0,"https://www.gamespot.com/batman-arkham-vr/",19.99,20.34,NA,7.4
79,"Battlezone",2016-10-13,"PlayStation VR",0,0,0,"https://www.gamespot.com/batman-arkham-vr/",19.99,20.34,NA,7.4
80,"Driveclub VR",2016-10-13,"PlayStation VR",0,0,0,"https://www.gamespot.com/driveclub-vr/",29.99,23.99,6.6,NA
81,"Eve: Valkyrie",2016-10-13,"PlayStation VR",0,0,0,"https://www.gamespot.com/eve-valkyrie/",44.59,33.08,6.9,8.5
82,"Eve: Gunjack",2016-10-13,"PlayStation VR",0,0,0,"https://www.gamespot.com/eve-gunjack/",NA,NA,NA,NA
83,"Hatsune Miku: VR Future Live",2016-10-13,"PlayStation VR",0,0,0,"https://www.gamespot.com/hatsune-miku-vr-future-live/",NA,NA,6.1,6.5
84,"Headmaster",2016-10-13,"PlayStation VR",0,0,0,"https://www.gamespot.com/headmaster/",NA,NA,7.2,NA
85,"Here They Lie",2016-10-13,"PlayStation VR",0,0,0,"https://www.gamespot.com/here-they-lie/",NA,NA,6.2,NA
86,"Loading Human: Chapter 1",2016-10-13,"PlayStation VR",0,0,0,"https://www.gamespot.com/loading-human-chapter-1/",4.07,6.46,NA,NA
87,"Job Simulator",2016-10-13,"PlayStation VR",0,0,0,"https://www.gamespot.com/job-simulator-the-2050-archives/",NA,NA,NA,NA
88,"Keep Talking and Nobody Explodes",2016-10-13,"PlayStation VR",0,0,0,"https://www.gamespot.com/keep-talking-and-nobody-explodes/",NA,NA,6.7,NA
89,"Moto Racer 4",2016-10-13,"Xbox One, PS4, PC, Mac",1,1,1,"https://www.gamespot.com/moto-racer-4/",15.98,13.99,4.7,NA
90,"PlayStation VR",2016-10-13,"PS4",1,0,0,"https://www.gamespot.com/articles/playstation-vr-price-and-release-window-announced/1100-6435685/",NA,NA,NA,NA
91,"Rez Infinite",2016-10-13,"PlayStation VR",0,0,0,"https://www.gamespot.com/videos/rez-infinite-debut-trailer/2300-6428609/",NA,NA,NA,NA
92,"Rigs Mechanized Combat League",2016-10-13,"PlayStation VR",0,0,0,"https://www.gamespot.com/rigs-mechanized-combat-league/",39.89,28.99,7.8,7.2
93,"Rollercoaster Dreams",2016-10-13,"PlayStation VR",0,0,0,"https://www.gamespot.com/rollercoaster-dreams/",NA,NA,NA,NA
94,"Shadow Warrior 2",2016-10-13,"PC",0,0,1,"https://www.gamespot.com/shadow-warrior-2/",NA,NA,7.8,8.1
95,"SuperHyperCube",2016-10-13,"PlayStation VR",0,0,0,"https://www.gamespot.com/superhypercube/",NA,NA,7.4,NA
96,"Until Dawn: Rush of Blood",2016-10-13,"PlayStation VR",0,0,0,"https://www.gamespot.com/until-dawn-rush-of-blood/",5.28,5,7.2,6.5
97,"Waddle Home",2016-10-13,"PlayStation VR",0,0,0,"https://www.gamespot.com/waddle-home/",NA,NA,NA,NA
98,"Wayward Sky",2016-10-13,"PlayStation VR",0,0,0,"https://www.gamespot.com/wayward-sky/",NA,NA,7.2,NA
99,"World War Toons",2016-10-13,"PS4, PlayStation VR",1,0,0,"https://www.gamespot.com/world-war-toons/",NA,NA,NA,NA
100,"Yesterday Origins",2016-10-13,"PS4",1,0,0,"https://www.gamespot.com/yesterday-origins/",NA,NA,7.4,7.6
101,"Disney Magical World 2",2016-10-14,"3DS",0,0,0,"https://www.gamespot.com/disney-magical-world-2/",29.95,20.39,7.3,NA
102,"Skylanders: Imaginators",2016-10-16,"Xbox One, Xbox 360, PS4, PS3",1,1,0,"https://www.gamespot.com/skylanders-imaginators/",45,23.99,7.8,5.3
103,"Batman: Return to Arkham",2016-10-18,"Xbox One, PS4",1,1,0,"https://www.gamespot.com/batman-return-to-arkham/",25.07,23.83,7.7,8.6
104,"Eagle Flight",2016-10-18,"Rift",0,0,0,"https://www.gamespot.com/eagle-flight/",12,18.03,7.3,NA
105,"Exist Archive: The Other Side Of The Sky",2016-10-18,"PS4, Vita",1,0,0,"https://www.gamespot.com/exist-archive-the-other-side-of-the-sky/",17.99,30,7.1,NA
106,"Rock Band Rivals",2016-10-18,"Xbox One, PS4",1,1,0,"https://www.gamespot.com/videos/rock-band-rivals-rockudrama-trailer/2300-6433392/",NA,NA,NA,NA
107,"Battlefield 1",2016-10-21,"Xbox One, PS4, PC",1,1,1,"https://www.gamespot.com/battlefield-1/",37,25.3,8.8,8.2
108,"Sid Meier's Civilization VI",2016-10-21,"PC",0,0,1,"https://www.gamespot.com/sid-meiers-civilization-vi/",32.99,32.49,8.8,7.7
109,"Dragon Ball Xenoverse 2",2016-10-25,"Xbox One, PS4",1,1,0,"https://www.gamespot.com/dragon-ball-xenoverse-2/",44.99,37.29,7.8,8.4
110,"Farming Simulator '17",2016-10-25,"Xbox One, PS4, PC",1,1,1,"https://www.gamespot.com/farming-simulator-17/",29.99,19.99,6.9,7.6
111,"World of Final Fantasy",2016-10-25,"PS4, Vita",1,0,0,"https://www.gamespot.com/world-of-final-fantasy/",30.66,25.76,7.7,8.6
112,"Dragon Ball Xenoverse 2",2016-10-28,"PC",0,0,1,"https://www.gamespot.com/dragon-ball-xenoverse-2/",44.99,37.29,7.8,8.4
113,"The Elder Scrolls V: Skyrim - Special Edition",2016-10-28,"Xbox One, PS4, PC",1,1,1,"https://www.gamespot.com/the-elder-scrolls-v-skyrim/",8,16.36,9.4,NA
114,"Titanfall 2",2016-10-28,"Xbox One, PS4, PC",1,1,1,"https://www.gamespot.com/titanfall-2/",17.95,NA,8.6,8.1
115,"Yomawari: Night Alone",2016-10-28,"Vita, PC",0,0,1,"https://www.gamespot.com/yomawari-night-alone/",34.98,41.8,NA,NA
116,"Owlboy",2016-11-01,"PC",0,0,1,"https://www.gamespot.com/owlboy/",NA,NA,8.8,NA
117,"Root Letter",2016-11-01,"PS4, PS Vita",1,0,0,"https://www.gamespot.com/root-letter/",24.99,22.94,7.8,NA
118,"Seraph",2016-11-01,"Xbox One, PS4, PC",1,1,1,"https://www.gamespot.com/seraph/",NA,NA,8,NA
119,"Super Dungeon Bros.",2016-11-01,"Xbox One, PS4, PC",1,1,1,"https://www.gamespot.com/super-dungeon-bros/",7,6.58,NA,2.2
120,"Call of Duty: Infinite Warfare",2016-11-04,"Xbox One, PS4, PC",1,1,1,"https://www.gamespot.com/call-of-duty-infinite-warfare/",8,17,7.3,6.2
121,"Football Manager 2017",2016-11-04,"PC",0,0,1,"https://www.gamespot.com/football-manager-2017/",NA,NA,8,7.8
122,"Mario Party Star Rush",2016-11-04,"3DS",0,0,0,"https://www.gamespot.com/mario-party-star-rush/",25,18.75,6.8,NA
123,"Sword Art Online: Hollow Realization",2016-11-04,"PS4, Vita",1,0,0,"https://www.gamespot.com/sword-art-online-hollow-realization/",29.99,30,5.6,8.4
124,"Eagle Flight",2016-11-08,"PlayStation VR",0,0,0,"https://www.gamespot.com/eagle-flight/",12,18.03,7.3,NA
125,"Harvest Moon: Skytree Village",2016-11-08,"3DS",0,0,0,"https://www.gamespot.com/harvest-moon-skytree-village/",19.99,37.99,NA,NA
126,"Robinson: The Journey",2016-11-08,"PlayStation VR",0,0,0,"https://www.gamespot.com/robinson-the-journey/",55.94,44.54,NA,NA
127,"PlayStation 4 Pro",2016-11-10,"PS4",1,0,0,"https://www.gamespot.comhttps://www.gamespot.com/articles/ps4-pro-specs-release-date-and-price-confirmed/1100-6443352/",NA,NA,NA,NA
128,"Tyranny",2016-11-10,"PC",0,0,1,"https://www.gamespot.com/tyranny/",NA,NA,8,8.2
129,"Dishonored 2",2016-11-11,"Xbox One, PS4, PC",1,1,1,"https://www.gamespot.com/dishonored-2/",21.23,NA,8.6,7.8
130,"Silence",2016-11-11,"PC",0,0,1,"https://www.gamespot.com/silence-the-whispered-world-2/",NA,NA,7.5,NA
131,"Overcooked Gourmet Edition",2016-11-15,"Xbox One, PS4",1,1,0,"https://www.gamespot.com/overcooked/",17.18,13.74,8.1,8.5
132,"Watch Dogs 2",2016-11-15,"Xbox One, PS4",1,1,0,"https://www.gamespot.com/watch-dogs-2/",37.99,26.49,7.5,7.2
133,"The Walking Dead: The Telltale Series - A New Frontier Episode 1",2016-11-15,"Xbox One, Xbox 360, PS4, PS4, PC",1,1,1,"https://www.gamespot.com/the-walking-dead-the-telltale-series-a-new/",24.99,25.39,8,8.2
134,"Assassin's Creed: Ezio Collection",2016-11-17,"Xbox One, PS4",1,1,0,"https://www.gamespot.com/assassins-creed-the-ezio-collection/",24.32,17.42,7.1,9.7
135,"Planet Coaster",2016-11-17,"PC",0,0,1,"https://www.gamespot.com/planet-coaster/",39.99,NA,8.4,8.9
136,"Pokemon Sun / Moon",2016-11-18,"3DS",0,0,0,"https://www.gamespot.com/pokemon-sun/",27.89,22.9,8.7,8.3
137,"Killing Floor 2",2016-11-18,"PS4, PC",1,0,1,"https://www.gamespot.com/killing-floor-2/",NA,NA,7.5,8.5
138,"The Amnesia Collection",2016-11-22,"PS4",1,0,0,"https://www.gamespot.com/amnesia-collection/",NA,NA,7.8,NA
139,"We Sing",2016-11-22,"Xbox One, PS4",1,1,0,"https://www.gamespot.com/we-sing/",37.8,25.19,NA,NA
140,"Darksiders: Warmastered Edition",2016-11-29,"Xbox One, PS4",1,1,0,"https://www.gamespot.com/darksiders/",15.79,15,8.3,8.4
141,"Final Fantasy XV",2016-11-29,"Xbox One, PS4",1,1,0,"https://www.gamespot.com/final-fantasy-xv/",30,22.89,8.3,7.8
142,"The Crew: Calling All Units",2016-11-29,"Xbox One, PS4, PC",1,1,1,"https://www.gamespot.com/videos/the-crew-calling-all-units-gameplay/2300-6433981/",NA,NA,NA,NA
143,"Watch Dogs 2",2016-11-29,"PC",0,0,1,"https://www.gamespot.com/watch-dogs-2/",37.99,26.49,7.5,7.2
144,"Apollo Justice: Ace Attorney",2016-12-01,"iOS",0,0,0,"https://www.gamespot.com/apollo-justice-ace-attorney/",24.74,23.88,7.8,8.3
145,"The Dwarves",2016-12-01,"Xbox One, PS4, PC, Mac, Linux",1,1,1,"https://www.gamespot.com/the-dwarves/",19.41,15.97,6.1,NA
146,"Maize",2016-12-01,"PC",0,0,1,"https://www.gamespot.com/maize/",NA,NA,6.5,NA
147,"Rad Rodgers: World One",2016-12-01,"PC",0,0,1,"https://www.gamespot.com/rad-rodgers/",NA,NA,7.2,NA
148,"Furi",2016-12-02,"Xbox One",0,1,0,"https://www.gamespot.com/furi/",NA,NA,7.6,7.3
149,"Steep",2016-12-02,"Xbox One, PS4, PC",1,1,1,"https://www.gamespot.com/steep/",31.14,20.49,7.2,7.6
150,"Super Mario Maker for Nintendo 3DS",2016-12-02,"3DS",0,0,0,"https://www.gamespot.com/super-mario-maker/",51,34.93,8.8,8.6
151,"Arizona Sunshine",2016-12-06,"Oculus Rift, Vive",0,0,0,"https://www.gamespot.com/arizona-sunshine/",NA,NA,8.3,NA
152,"Dead Rising 4",2016-12-06,"Xbox One, PC",0,1,1,"https://www.gamespot.com/dead-rising-4/",23.28,19.79,7.2,6.6
153,"Shadow Tactics: Blades of the Shogun",2016-12-06,"PC, Mac, Linux",0,0,1,"https://www.gamespot.com/shadow-tactics-blades-of-the-shogun/",49.99,NA,8.5,8.4
154,"The Last Guardian",2016-12-06,"PS4",1,0,0,"https://www.gamespot.com/the-last-guardian/",28.99,23.09,8.2,NA
155,"The Unspoken",2016-12-06,"Oculus Rift",0,0,0,"https://www.gamespot.com/the-unspoken/",NA,NA,NA,NA
156,"Werewolves Within",2016-12-06,"PC",0,0,1,"https://www.gamespot.com/werewolves-within/",5.64,5.97,NA,NA
157,"Apollo Justice: Ace Attorney",2016-12-08,"Android",0,0,0,"https://www.gamespot.com/apollo-justice-ace-attorney/",24.74,23.88,7.8,8.3
158,"Space Hulk: Deathwing",2016-12-09,"PC",0,0,1,"https://www.gamespot.com/space-hulk-deathwing/",NA,NA,5.8,5.5
159,"Bastion",2016-12-12,"Xbox One",0,1,0,"https://www.gamespot.com/bastion/",NA,NA,8.6,8.4
160,"The Little Acre",2016-12-13,"Xbox One, PS4, PC",1,1,1,"https://www.gamespot.com/the-little-acre/",NA,NA,6.3,NA
161,"Wild Guns Reloaded",2016-12-13,"PS4",1,0,0,"https://www.gamespot.com/wild-guns-reloaded/",21.99,27.74,NA,7.6
162,"Shantae: Half-Genie Hero",2016-12-13,"PS4, Vita, Wii U",1,0,0,"https://www.gamespot.com/shantae-half-genie-hero/",35.8,39.99,7.6,7.6
163,"Super Mario Run",2016-12-15,"iOS",0,0,0,"https://www.gamespot.com/videos/super-mario-run-announcement-trailer/2300-6434388/",NA,NA,NA,NA
164,"Eagle Flight",2016-12-20,"Vive",0,0,0,"https://www.gamespot.com/eagle-flight/",12,18.03,7.3,NA
165,"The Walking Dead Season 3: A New Frontier",2016-12-20,"Xbox One, Xbox 360, PS4, PS3, PC, iOS, Android",1,1,1,"https://www.gamespot.com/the-walking-dead-the-telltale-series-a-new/",24.99,25.39,8,8.2
166,"Don Bradman Cricket 17",2016-12-22,"Xbox One, PS4",1,1,0,"https://www.gamespot.com/don-bradman-cricket-17/",NA,NA,NA,NA
167,"Rollercoaster Dreams",2016-12-22,"PS4, PSVR",1,0,0,"https://www.gamespot.com/rollercoaster-dreams/",NA,NA,NA,NA
